User_ID,Viewing_Hours,Genre_Preferences,Subscription_Status,Churn_Probability
1,87,"['Horror', 'Comedy', 'Sci-Fi']",Active,0.6217957106873983
2,17,"['Drama', 'Horror', 'Sci-Fi']",Active,0.4750230927245187
3,34,"['Drama', 'Comedy', 'Sci-Fi']",Active,0.9839887884876111
4,2,"['Comedy', 'Horror', 'Action']",Active,0.5301326200968655
5,43,"['Sci-Fi', 'Comedy', 'Action']",Active,0.19463603390039452
6,18,"['Sci-Fi', 'Action', 'Comedy']",Active,0.880355947853062
7,68,"['Drama', 'Action', 'Sci-Fi']",Active,0.03822455911526579
8,76,"['Comedy', 'Horror', 'Drama']",Churned,0.23979654988204369
9,8,"['Sci-Fi', 'Action', 'Comedy']",Active,0.6563657282846115
10,1,"['Comedy', 'Action', 'Sci-Fi']",Active,0.5361666206619252
11,82,"['Action', 'Sci-Fi', 'Drama']",Active,0.614754289795452
12,65,"['Horror', 'Sci-Fi', 'Action']",Active,0.2224624469524521
13,21,"['Drama', 'Horror', 'Comedy']",Churned,0.6027966433491245
14,54,"['Sci-Fi', 'Horror', 'Comedy']",Active,0.04088502887456302
15,98,"['Horror', 'Drama', 'Action']",Active,0.33549569204524876
16,93,"['Horror', 'Comedy', 'Action']",Active,0.8052237640774225
17,92,"['Action', 'Sci-Fi', 'Horror']",Active,0.1380215533875414
18,92,"['Comedy', 'Action', 'Sci-Fi']",Active,0.23070162460852872
19,57,"['Comedy', 'Horror', 'Sci-Fi']",Active,0.19875596151669606
20,95,"['Comedy', 'Action', 'Sci-Fi']",Active,0.9863859920006864
21,79,"['Comedy', 'Sci-Fi', 'Drama']",Churned,0.8923221256461186
22,56,"['Drama', 'Horror', 'Action']",Churned,0.1262055591249811
23,51,"['Action', 'Horror', 'Comedy']",Churned,0.07296864674325254
24,52,"['Action', 'Horror', 'Comedy']",Active,0.03825726991498324
25,26,"['Sci-Fi', 'Comedy', 'Drama']",Active,0.2732229627221384
26,89,"['Horror', 'Action', 'Drama']",Active,0.8871514542713064
27,93,"['Drama', 'Comedy', 'Horror']",Active,0.8621258250412042
28,75,"['Comedy', 'Horror', 'Action']",Churned,0.856994806232015
29,29,"['Comedy', 'Drama', 'Sci-Fi']",Active,0.9786734645784021
30,78,"['Comedy', 'Action', 'Sci-Fi']",Active,0.32579115640134626
31,77,"['Sci-Fi', 'Action', 'Comedy']",Active,0.010431314656404234
32,93,"['Horror', 'Comedy', 'Action']",Active,0.49401332311037505
33,6,"['Drama', 'Sci-Fi', 'Horror']",Active,0.5287402511073245
34,92,"['Drama', 'Comedy', 'Sci-Fi']",Active,0.25288099325472335
35,93,"['Drama', 'Comedy', 'Action']",Active,0.24209706152408794
36,1,"['Action', 'Sci-Fi', 'Drama']",Active,0.538130065731694
37,18,"['Comedy', 'Horror', 'Action']",Active,0.5115959877830526
38,62,"['Action', 'Drama', 'Horror']",Churned,0.8057020287753586
39,36,"['Drama', 'Comedy', 'Sci-Fi']",Active,0.6025487464227229
40,6,"['Horror', 'Action', 'Sci-Fi']",Active,0.22544057733174094
41,33,"['Drama', 'Horror', 'Comedy']",Active,0.8228385210083343
42,33,"['Sci-Fi', 'Comedy', 'Drama']",Active,0.24553473907825163
43,97,"['Action', 'Drama', 'Comedy']",Active,0.4993658268711104
44,22,"['Horror', 'Drama', 'Comedy']",Active,0.60214562802306
45,47,"['Drama', 'Sci-Fi', 'Action']",Active,0.462147590027184
46,88,"['Action', 'Sci-Fi', 'Comedy']",Active,0.46947043655990583
47,51,"['Drama', 'Comedy', 'Action']",Churned,0.8638715331895676
48,49,"['Drama', 'Horror', 'Sci-Fi']",Active,0.7514844269464983
49,30,"['Sci-Fi', 'Action', 'Drama']",Active,0.8456418831599033
50,59,"['Horror', 'Action', 'Sci-Fi']",Churned,0.2677610032456501
51,46,"['Comedy', 'Sci-Fi', 'Action']",Active,0.7596409287564211
52,29,"['Horror', 'Comedy', 'Drama']",Active,0.33536987071893076
53,98,"['Action', 'Horror', 'Comedy']",Active,0.06476112905030029
54,19,"['Action', 'Sci-Fi', 'Drama']",Active,0.9637542873748008
55,33,"['Sci-Fi', 'Comedy', 'Action']",Active,0.1286805095527659
56,10,"['Sci-Fi', 'Horror', 'Comedy']",Active,0.5676367772382015
57,14,"['Horror', 'Action', 'Drama']",Active,0.7483628721065777
58,52,"['Action', 'Comedy', 'Horror']",Active,0.25785502563468754
59,96,"['Sci-Fi', 'Comedy', 'Action']",Active,0.7312137404564678
60,44,"['Action', 'Horror', 'Comedy']",Active,0.2547885018722289
61,78,"['Horror', 'Comedy', 'Drama']",Active,0.4648157288165018
62,32,"['Horror', 'Sci-Fi', 'Drama']",Churned,0.41967562187386254
63,36,"['Sci-Fi', 'Comedy', 'Drama']",Active,0.21643193946597405
64,40,"['Comedy', 'Sci-Fi', 'Action']",Active,0.21255116423689935
65,77,"['Drama', 'Action', 'Horror']",Active,0.6089973516647931
66,36,"['Sci-Fi', 'Drama', 'Comedy']",Active,0.241815041719893
67,19,"['Sci-Fi', 'Horror', 'Comedy']",Active,0.5429506711569849
68,1,"['Horror', 'Drama', 'Comedy']",Active,0.45963471103612696
69,16,"['Comedy', 'Action', 'Drama']",Churned,0.995425326370918
70,77,"['Comedy', 'Horror', 'Drama']",Active,0.04338754639229825
71,57,"['Action', 'Horror', 'Sci-Fi']",Active,0.3949678460882854
72,12,"['Horror', 'Comedy', 'Action']",Active,0.17803480433654106
73,31,"['Horror', 'Drama', 'Action']",Churned,0.5836615473773117
74,10,"['Comedy', 'Sci-Fi', 'Action']",Active,0.3373652296672204
75,41,"['Comedy', 'Horror', 'Sci-Fi']",Churned,0.6905643609984208
76,21,"['Comedy', 'Drama', 'Horror']",Churned,0.7458453213069325
77,79,"['Drama', 'Horror', 'Sci-Fi']",Active,0.31999906554382473
78,84,"['Horror', 'Comedy', 'Action']",Churned,0.8597197855593458
79,30,"['Sci-Fi', 'Horror', 'Drama']",Active,0.914764329465524
80,68,"['Horror', 'Sci-Fi', 'Drama']",Active,0.05897273979975126
81,62,"['Drama', 'Comedy', 'Horror']",Churned,0.9552284619207718
82,97,"['Sci-Fi', 'Drama', 'Comedy']",Active,0.7067714451954723
83,21,"['Drama', 'Action', 'Sci-Fi']",Active,0.548445312438075
84,23,"['Horror', 'Drama', 'Comedy']",Active,0.6300457099270723
85,27,"['Comedy', 'Horror', 'Action']",Active,0.038306480099658424
86,19,"['Sci-Fi', 'Comedy', 'Drama']",Active,0.6695677545308377
87,64,"['Horror', 'Drama', 'Comedy']",Active,0.5045675525649583
88,15,"['Sci-Fi', 'Drama', 'Horror']",Active,0.8425852728765127
89,5,"['Drama', 'Action', 'Sci-Fi']",Churned,0.21137751498765156
90,71,"['Action', 'Comedy', 'Drama']",Active,0.6332880271586329
91,97,"['Sci-Fi', 'Drama', 'Comedy']",Churned,0.07497731623235582
92,59,"['Drama', 'Horror', 'Comedy']",Active,0.3173424038441671
93,6,"['Horror', 'Comedy', 'Drama']",Active,0.6683069247561331
94,24,"['Drama', 'Horror', 'Action']",Active,0.3844560810130425
95,8,"['Horror', 'Comedy', 'Drama']",Active,0.48821349849422113
96,65,"['Comedy', 'Horror', 'Sci-Fi']",Active,0.7034490049407658
97,16,"['Horror', 'Sci-Fi', 'Drama']",Active,0.7315139203796033
98,14,"['Sci-Fi', 'Drama', 'Comedy']",Churned,0.580337283639581
99,51,"['Action', 'Sci-Fi', 'Comedy']",Active,0.9081973130970602
100,84,"['Sci-Fi', 'Action', 'Comedy']",Churned,0.8614632645610343
101,5,"['Sci-Fi', 'Action', 'Drama']",Active,0.03563101798214896
102,27,"['Comedy', 'Sci-Fi', 'Action']",Active,0.5857658090079509
103,14,"['Sci-Fi', 'Horror', 'Action']",Active,0.6955574383816062
104,94,"['Comedy', 'Horror', 'Action']",Active,0.22030335257102363
105,81,"['Horror', 'Drama', 'Comedy']",Active,0.2617739136093278
106,46,"['Sci-Fi', 'Drama', 'Comedy']",Active,0.7278397469531817
107,24,"['Horror', 'Action', 'Comedy']",Active,0.4071493561855599
108,36,"['Comedy', 'Action', 'Drama']",Churned,0.6416515490214659
109,30,"['Comedy', 'Sci-Fi', 'Action']",Active,0.8093726017084083
110,28,"['Drama', 'Action', 'Horror']",Churned,0.9638749254049538
111,76,"['Action', 'Horror', 'Drama']",Active,0.2441909405323096
112,91,"['Comedy', 'Horror', 'Sci-Fi']",Active,0.838626564328357
113,77,"['Drama', 'Action', 'Sci-Fi']",Active,0.36638696188079256
114,15,"['Horror', 'Sci-Fi', 'Action']",Active,0.22503533463380176
115,51,"['Comedy', 'Sci-Fi', 'Action']",Active,0.1854410097374244
116,9,"['Comedy', 'Sci-Fi', 'Drama']",Active,0.3647109425000781
117,96,"['Comedy', 'Horror', 'Drama']",Active,0.633357773029608
118,51,"['Horror', 'Sci-Fi', 'Comedy']",Active,0.5700829698810417
119,18,"['Drama', 'Horror', 'Sci-Fi']",Active,0.868231498764143
120,49,"['Horror', 'Drama', 'Action']",Active,0.7319702821119748
121,38,"['Horror', 'Drama', 'Comedy']",Active,0.1241801648491766
122,95,"['Comedy', 'Sci-Fi', 'Drama']",Active,0.9000785386092091
123,32,"['Sci-Fi', 'Comedy', 'Action']",Churned,0.7647376008044326
124,19,"['Action', 'Comedy', 'Horror']",Active,0.21527549496595177
125,7,"['Drama', 'Comedy', 'Horror']",Active,0.03500223466910324
126,73,"['Comedy', 'Horror', 'Action']",Active,0.8140461926922115
127,74,"['Horror', 'Comedy', 'Action']",Active,0.4460241628419025
128,85,"['Drama', 'Action', 'Sci-Fi']",Active,0.21198028717322648
129,87,"['Sci-Fi', 'Horror', 'Comedy']",Active,0.5041303004807011
130,52,"['Sci-Fi', 'Action', 'Horror']",Churned,0.3289994492822894
131,72,"['Action', 'Sci-Fi', 'Comedy']",Active,0.8286593135124821
132,73,"['Drama', 'Comedy', 'Horror']",Active,0.8782311294032517
133,56,"['Horror', 'Comedy', 'Drama']",Active,0.09904115886025833
134,35,"['Sci-Fi', 'Action', 'Horror']",Active,0.002239183172516479
135,15,"['Horror', 'Sci-Fi', 'Drama']",Active,0.1726859921201852
136,91,"['Action', 'Comedy', 'Horror']",Active,0.9300798696304388
137,63,"['Action', 'Comedy', 'Drama']",Active,0.8530599521582624
138,21,"['Action', 'Comedy', 'Horror']",Active,0.8975454335833097
139,33,"['Action', 'Drama', 'Comedy']",Active,0.08937334218901583
140,29,"['Action', 'Drama', 'Horror']",Active,0.06441694950820998
141,89,"['Action', 'Sci-Fi', 'Comedy']",Active,0.22905975958973435
142,94,"['Sci-Fi', 'Action', 'Comedy']",Active,0.9127388756000758
143,8,"['Horror', 'Sci-Fi', 'Drama']",Active,0.6253763113204336
144,13,"['Comedy', 'Horror', 'Drama']",Active,0.341530871542169
145,62,"['Sci-Fi', 'Drama', 'Action']",Active,0.2399119952678811
146,88,"['Sci-Fi', 'Comedy', 'Horror']",Active,0.531192341591544
147,29,"['Sci-Fi', 'Drama', 'Comedy']",Active,0.5146425152505641
148,50,"['Horror', 'Sci-Fi', 'Drama']",Active,0.5032257636284803
149,16,"['Drama', 'Comedy', 'Horror']",Active,0.8033240122835522
150,7,"['Sci-Fi', 'Comedy', 'Drama']",Active,0.9873528290549164
151,37,"['Sci-Fi', 'Horror', 'Drama']",Active,0.15056787897023172
152,14,"['Sci-Fi', 'Action', 'Drama']",Active,0.5530763243743431
153,68,"['Drama', 'Horror', 'Sci-Fi']",Active,0.3895804345639349
154,61,"['Comedy', 'Horror', 'Drama']",Active,0.13673542126409288
155,87,"['Action', 'Horror', 'Comedy']",Churned,0.34299484443482364
156,8,"['Action', 'Sci-Fi', 'Drama']",Active,0.5092197912835582
157,34,"['Action', 'Comedy', 'Drama']",Churned,0.46623294656974945
158,51,"['Sci-Fi', 'Drama', 'Comedy']",Active,0.110502243614361
159,22,"['Comedy', 'Sci-Fi', 'Drama']",Active,0.9288970215347958
160,35,"['Drama', 'Horror', 'Sci-Fi']",Churned,0.20971577201146385
161,15,"['Comedy', 'Horror', 'Drama']",Active,0.3268209767138267
162,74,"['Horror', 'Sci-Fi', 'Comedy']",Active,0.09848714163291639
163,93,"['Action', 'Comedy', 'Sci-Fi']",Active,0.4894271371133009
164,68,"['Drama', 'Comedy', 'Action']",Active,0.20222873832122845
165,74,"['Drama', 'Action', 'Sci-Fi']",Churned,0.9802610549601998
166,57,"['Drama', 'Horror', 'Sci-Fi']",Active,0.9247667596388812
167,24,"['Horror', 'Comedy', 'Action']",Churned,0.1143630279689346
168,39,"['Drama', 'Sci-Fi', 'Comedy']",Active,0.615877791718922
169,81,"['Action', 'Sci-Fi', 'Comedy']",Active,0.9884380805917738
170,36,"['Sci-Fi', 'Action', 'Comedy']",Active,0.41467578687106066
171,75,"['Drama', 'Horror', 'Sci-Fi']",Active,0.5237469068456506
172,51,"['Sci-Fi', 'Horror', 'Comedy']",Churned,0.4464795696421342
173,78,"['Comedy', 'Sci-Fi', 'Action']",Active,0.6226501013248695
174,8,"['Sci-Fi', 'Comedy', 'Action']",Active,0.2894181624236998
175,37,"['Sci-Fi', 'Horror', 'Comedy']",Active,0.3194268697893049
176,59,"['Sci-Fi', 'Drama', 'Horror']",Active,0.947657112035274
177,22,"['Drama', 'Comedy', 'Action']",Active,0.27126450004691294
178,77,"['Sci-Fi', 'Horror', 'Drama']",Active,0.29321499260258665
179,94,"['Comedy', 'Horror', 'Drama']",Active,0.9710834286618006
180,26,"['Action', 'Comedy', 'Sci-Fi']",Active,0.9271575334905279
181,26,"['Comedy', 'Drama', 'Action']",Active,0.4160749134220394
182,15,"['Sci-Fi', 'Drama', 'Action']",Active,0.49932444046039104
183,59,"['Drama', 'Sci-Fi', 'Horror']",Churned,0.030260890715707034
184,58,"['Horror', 'Comedy', 'Sci-Fi']",Active,0.09271439043526375
185,70,"['Comedy', 'Drama', 'Horror']",Churned,0.7266945086337215
186,15,"['Action', 'Horror', 'Comedy']",Active,0.46834045822276127
187,54,"['Sci-Fi', 'Comedy', 'Action']",Active,0.32422701620821726
188,63,"['Comedy', 'Horror', 'Sci-Fi']",Active,0.041730784376090346
189,5,"['Sci-Fi', 'Action', 'Comedy']",Active,0.47942249067995657
190,40,"['Horror', 'Comedy', 'Action']",Active,0.131174879188113
191,85,"['Action', 'Comedy', 'Horror']",Active,0.9184356350813357
192,37,"['Action', 'Horror', 'Drama']",Active,0.5117761145873222
193,64,"['Horror', 'Sci-Fi', 'Drama']",Active,0.9783864741550891
194,12,"['Horror', 'Action', 'Comedy']",Active,0.8942279872444983
195,12,"['Action', 'Sci-Fi', 'Drama']",Active,0.5635441341119553
196,34,"['Horror', 'Action', 'Drama']",Active,0.5574991965446177
197,94,"['Sci-Fi', 'Horror', 'Action']",Active,0.43576400276349125
198,99,"['Action', 'Comedy', 'Drama']",Churned,0.914525946245528
199,77,"['Comedy', 'Action', 'Sci-Fi']",Active,0.9314904718150155
200,23,"['Drama', 'Sci-Fi', 'Action']",Active,0.30790558069925245
201,8,"['Drama', 'Action', 'Sci-Fi']",Active,0.41438690019294977
202,17,"['Horror', 'Action', 'Drama']",Active,0.567160492807427
203,77,"['Comedy', 'Horror', 'Sci-Fi']",Active,0.051768048919056175
204,27,"['Drama', 'Comedy', 'Sci-Fi']",Active,0.9045673821154845
205,90,"['Drama', 'Sci-Fi', 'Action']",Churned,0.6955864912846468
206,24,"['Sci-Fi', 'Action', 'Comedy']",Active,0.7092302352415208
207,98,"['Drama', 'Horror', 'Comedy']",Churned,0.04106084223224571
208,63,"['Action', 'Drama', 'Comedy']",Churned,0.13514564786082517
209,97,"['Drama', 'Comedy', 'Horror']",Active,0.7497671629246807
210,22,"['Drama', 'Sci-Fi', 'Comedy']",Churned,0.6389741598353046
211,78,"['Comedy', 'Horror', 'Action']",Active,0.4777076228152001
212,49,"['Horror', 'Sci-Fi', 'Action']",Active,0.7647136896469866
213,58,"['Horror', 'Drama', 'Comedy']",Active,0.8896519834564798
214,16,"['Sci-Fi', 'Action', 'Comedy']",Churned,0.5055625149732362
215,53,"['Action', 'Comedy', 'Horror']",Active,0.0840383860031122
216,61,"['Drama', 'Comedy', 'Action']",Active,0.5928408191211285
217,36,"['Comedy', 'Horror', 'Sci-Fi']",Churned,0.6645072905145974
218,3,"['Horror', 'Drama', 'Comedy']",Churned,0.2970927026796639
219,19,"['Action', 'Comedy', 'Horror']",Churned,0.6438340883837782
220,25,"['Horror', 'Sci-Fi', 'Drama']",Active,0.01089274667940876
221,71,"['Comedy', 'Drama', 'Horror']",Active,0.7543342728018708
222,2,"['Sci-Fi', 'Drama', 'Action']",Active,0.43829531437064073
223,18,"['Comedy', 'Horror', 'Action']",Churned,0.527965625763002
224,81,"['Action', 'Comedy', 'Drama']",Active,0.0656725912737196
225,12,"['Drama', 'Horror', 'Comedy']",Active,0.6922905932485992
226,48,"['Action', 'Sci-Fi', 'Horror']",Churned,0.08609401575853814
227,66,"['Sci-Fi', 'Horror', 'Comedy']",Churned,0.38936671889404895
228,45,"['Action', 'Drama', 'Comedy']",Churned,0.2516692594401353
229,60,"['Drama', 'Comedy', 'Action']",Active,0.2570145725811368
230,57,"['Action', 'Drama', 'Horror']",Churned,0.19874280824848456
231,95,"['Horror', 'Action', 'Drama']",Churned,0.18717959301289633
232,18,"['Comedy', 'Drama', 'Action']",Active,0.2870741159321851
233,85,"['Sci-Fi', 'Horror', 'Comedy']",Churned,0.5598680006681822
234,77,"['Sci-Fi', 'Drama', 'Horror']",Active,0.6553821424994821
235,30,"['Sci-Fi', 'Comedy', 'Drama']",Active,0.11286472540097603
236,60,"['Drama', 'Sci-Fi', 'Action']",Active,0.8255439966486855
237,77,"['Drama', 'Horror', 'Action']",Active,0.9366413685697892
238,26,"['Comedy', 'Action', 'Drama']",Active,0.9117723741766288
239,47,"['Comedy', 'Horror', 'Drama']",Active,0.658925517822041
240,36,"['Comedy', 'Sci-Fi', 'Action']",Active,0.15007602976783052
241,96,"['Comedy', 'Action', 'Drama']",Active,0.9287679686980731
242,6,"['Horror', 'Sci-Fi', 'Comedy']",Active,0.5248755147590638
243,2,"['Drama', 'Sci-Fi', 'Comedy']",Active,0.3433726018213331
244,4,"['Sci-Fi', 'Comedy', 'Action']",Active,0.7108408358068679
245,38,"['Sci-Fi', 'Comedy', 'Horror']",Active,0.45841404219523973
246,27,"['Sci-Fi', 'Action', 'Comedy']",Active,0.5204516649729114
247,11,"['Action', 'Sci-Fi', 'Drama']",Active,0.11648387917959568
248,2,"['Drama', 'Comedy', 'Horror']",Churned,0.2154948770011077
249,40,"['Comedy', 'Action', 'Drama']",Active,0.7337437097081042
250,20,"['Drama', 'Comedy', 'Sci-Fi']",Active,0.4640496255676576
251,2,"['Drama', 'Horror', 'Comedy']",Active,0.47397402378968845
252,99,"['Action', 'Drama', 'Sci-Fi']",Active,0.233555480646518
253,81,"['Sci-Fi', 'Horror', 'Action']",Active,0.5525421457595643
254,71,"['Sci-Fi', 'Horror', 'Action']",Active,0.6807700583758857
255,34,"['Sci-Fi', 'Drama', 'Action']",Active,0.41147281840025773
256,36,"['Drama', 'Action', 'Comedy']",Active,0.6751249522417357
257,97,"['Drama', 'Sci-Fi', 'Horror']",Active,0.41042986102239887
258,17,"['Drama', 'Comedy', 'Sci-Fi']",Active,0.5528165030399237
259,75,"['Action', 'Sci-Fi', 'Drama']",Active,0.9249273684910838
260,31,"['Comedy', 'Horror', 'Sci-Fi']",Active,0.09811398629950596
261,48,"['Drama', 'Action', 'Horror']",Active,0.9217299820731439
262,24,"['Horror', 'Comedy', 'Sci-Fi']",Active,0.07827141051952902
263,49,"['Action', 'Drama', 'Sci-Fi']",Churned,0.6495299120563872
264,88,"['Action', 'Drama', 'Comedy']",Active,0.28291912728018254
265,38,"['Comedy', 'Horror', 'Drama']",Churned,0.41527396712874565
266,46,"['Action', 'Horror', 'Sci-Fi']",Active,0.16964358088150178
267,48,"['Action', 'Comedy', 'Horror']",Active,0.4399566955247982
268,74,"['Action', 'Sci-Fi', 'Drama']",Active,0.3031797422726016
269,59,"['Drama', 'Action', 'Sci-Fi']",Active,0.7933590359069189
270,52,"['Sci-Fi', 'Horror', 'Drama']",Churned,0.1836677695254565
271,3,"['Action', 'Drama', 'Horror']",Active,0.9548144651780963
272,88,"['Horror', 'Comedy', 'Action']",Active,0.4400073237230234
273,1,"['Drama', 'Action', 'Comedy']",Active,0.3800388381149413
274,25,"['Drama', 'Action', 'Sci-Fi']",Active,0.7091295145320867
275,47,"['Comedy', 'Horror', 'Sci-Fi']",Active,0.9047361329565775
276,99,"['Comedy', 'Action', 'Drama']",Active,0.1994417341188608
277,24,"['Horror', 'Action', 'Drama']",Active,0.5688919485964339
278,92,"['Sci-Fi', 'Action', 'Comedy']",Churned,0.23761640859651212
279,7,"['Horror', 'Comedy', 'Action']",Active,0.1309896823253407
280,48,"['Drama', 'Action', 'Comedy']",Active,0.6342890042920272
281,10,"['Action', 'Horror', 'Sci-Fi']",Active,0.898352122499745
282,60,"['Horror', 'Sci-Fi', 'Comedy']",Churned,0.4331636833707656
283,75,"['Sci-Fi', 'Comedy', 'Horror']",Active,0.8757428216719035
284,87,"['Sci-Fi', 'Action', 'Drama']",Active,0.531192520329155
285,84,"['Comedy', 'Sci-Fi', 'Action']",Active,0.8974018814560009
286,74,"['Action', 'Horror', 'Drama']",Churned,0.48917405314643825
287,98,"['Sci-Fi', 'Horror', 'Comedy']",Active,0.5981284396733354
288,69,"['Action', 'Comedy', 'Sci-Fi']",Active,0.36284832255275823
289,25,"['Action', 'Comedy', 'Drama']",Active,0.28166004824061164
290,12,"['Drama', 'Comedy', 'Horror']",Active,0.384460022824313
291,94,"['Comedy', 'Sci-Fi', 'Drama']",Active,0.6995159619199897
292,99,"['Comedy', 'Drama', 'Sci-Fi']",Churned,0.033172074238834615
293,68,"['Comedy', 'Sci-Fi', 'Drama']",Churned,0.899607631544886
294,60,"['Sci-Fi', 'Horror', 'Drama']",Active,0.2586675550850548
295,4,"['Horror', 'Sci-Fi', 'Drama']",Active,0.04174665041869796
296,20,"['Horror', 'Action', 'Sci-Fi']",Active,0.05727246938564301
297,7,"['Horror', 'Drama', 'Sci-Fi']",Active,0.31611832870106393
298,6,"['Comedy', 'Action', 'Drama']",Churned,0.23039604913239042
299,36,"['Action', 'Horror', 'Sci-Fi']",Active,0.5053504610222775
300,41,"['Action', 'Comedy', 'Horror']",Churned,0.9123973820753422
301,37,"['Action', 'Comedy', 'Drama']",Churned,0.016554006698860757
302,75,"['Horror', 'Action', 'Drama']",Active,0.4538400047127351
303,83,"['Comedy', 'Sci-Fi', 'Action']",Active,0.6064112458653638
304,88,"['Drama', 'Action', 'Sci-Fi']",Active,0.7688057648799138
305,61,"['Comedy', 'Sci-Fi', 'Drama']",Churned,0.842695915662631
306,15,"['Drama', 'Sci-Fi', 'Action']",Active,0.6775443173313063
307,47,"['Action', 'Drama', 'Horror']",Churned,0.5226598769874204
308,21,"['Drama', 'Action', 'Comedy']",Churned,0.08957668578433253
309,31,"['Comedy', 'Horror', 'Drama']",Active,0.17328025714455764
310,12,"['Horror', 'Drama', 'Action']",Active,0.87620725586682
311,29,"['Drama', 'Comedy', 'Action']",Active,0.5233066405833513
312,77,"['Comedy', 'Sci-Fi', 'Horror']",Active,0.9558344779041477
313,19,"['Comedy', 'Horror', 'Drama']",Active,0.38377716671956874
314,26,"['Action', 'Comedy', 'Horror']",Active,0.8180217879821801
315,75,"['Sci-Fi', 'Drama', 'Comedy']",Active,0.9871328928418542
316,92,"['Action', 'Horror', 'Sci-Fi']",Churned,0.9089128717374069
317,80,"['Horror', 'Comedy', 'Drama']",Active,0.1756448651610154
318,86,"['Drama', 'Horror', 'Comedy']",Active,0.7599053318635761
319,23,"['Comedy', 'Drama', 'Horror']",Active,0.35733746481289963
320,37,"['Comedy', 'Action', 'Sci-Fi']",Active,0.7304654464711113
321,37,"['Sci-Fi', 'Action', 'Drama']",Active,0.6738059231976881
322,8,"['Drama', 'Comedy', 'Sci-Fi']",Active,0.5748045013541356
323,87,"['Sci-Fi', 'Horror', 'Drama']",Churned,0.4063012650593979
324,40,"['Drama', 'Action', 'Horror']",Active,0.6759841551217849
325,17,"['Horror', 'Drama', 'Sci-Fi']",Active,0.13547111103948295
326,9,"['Horror', 'Comedy', 'Sci-Fi']",Active,0.970457438352292
327,56,"['Action', 'Comedy', 'Horror']",Active,0.9542098358453082
328,32,"['Sci-Fi', 'Comedy', 'Action']",Active,0.5677347873452812
329,14,"['Horror', 'Comedy', 'Action']",Active,0.6985896501657974
330,74,"['Horror', 'Sci-Fi', 'Drama']",Active,0.08454946845786393
331,40,"['Drama', 'Comedy', 'Sci-Fi']",Active,0.19331607170491327
332,90,"['Horror', 'Sci-Fi', 'Drama']",Active,0.8077044727314409
333,5,"['Sci-Fi', 'Comedy', 'Drama']",Active,0.4139833634914246
334,7,"['Horror', 'Drama', 'Comedy']",Active,0.13086724808919303
335,64,"['Drama', 'Sci-Fi', 'Horror']",Active,0.40213379401741
336,31,"['Drama', 'Action', 'Sci-Fi']",Churned,0.07857814187658863
337,81,"['Action', 'Comedy', 'Drama']",Active,0.9911213083717547
338,92,"['Sci-Fi', 'Comedy', 'Action']",Active,0.7650083733383118
339,77,"['Comedy', 'Sci-Fi', 'Action']",Active,0.2176015761179425
340,83,"['Sci-Fi', 'Drama', 'Horror']",Active,0.9050768506809322
341,40,"['Sci-Fi', 'Action', 'Horror']",Active,0.4884993772970174
342,59,"['Action', 'Sci-Fi', 'Drama']",Churned,0.588139889175835
343,15,"['Horror', 'Sci-Fi', 'Drama']",Active,0.8096912252152997
344,9,"['Horror', 'Drama', 'Sci-Fi']",Active,0.47461759939644843
345,98,"['Sci-Fi', 'Drama', 'Comedy']",Active,0.9258749473967299
346,88,"['Horror', 'Drama', 'Sci-Fi']",Churned,0.6298287233670531
347,14,"['Action', 'Comedy', 'Drama']",Active,0.29704953989194127
348,81,"['Action', 'Comedy', 'Sci-Fi']",Active,0.5567180031243077
349,1,"['Drama', 'Comedy', 'Sci-Fi']",Active,0.6459210784133447
350,83,"['Comedy', 'Drama', 'Horror']",Churned,0.40925133911466327
351,73,"['Comedy', 'Action', 'Sci-Fi']",Active,0.027177850051394836
352,34,"['Horror', 'Action', 'Sci-Fi']",Active,0.9395266654254115
353,28,"['Action', 'Sci-Fi', 'Comedy']",Active,0.8435389575725031
354,97,"['Sci-Fi', 'Action', 'Drama']",Active,0.41235347221879115
355,84,"['Drama', 'Sci-Fi', 'Horror']",Active,0.2825508541988493
356,42,"['Sci-Fi', 'Action', 'Comedy']",Active,0.102880771397038
357,38,"['Horror', 'Comedy', 'Drama']",Active,0.6944815935295351
358,69,"['Sci-Fi', 'Comedy', 'Horror']",Active,0.26307090860759685
359,1,"['Action', 'Drama', 'Sci-Fi']",Churned,0.46205396952987365
360,85,"['Sci-Fi', 'Drama', 'Action']",Active,0.21079870959428693
361,19,"['Drama', 'Horror', 'Sci-Fi']",Active,0.8521785872593418
362,57,"['Drama', 'Sci-Fi', 'Horror']",Active,0.6396160143849614
363,75,"['Action', 'Horror', 'Comedy']",Active,0.363072781516399
364,30,"['Sci-Fi', 'Action', 'Horror']",Active,0.2447912867367238
365,17,"['Horror', 'Drama', 'Sci-Fi']",Active,0.0647213200494623
366,93,"['Action', 'Sci-Fi', 'Drama']",Active,0.29588602986564405
367,80,"['Horror', 'Comedy', 'Action']",Active,0.6266885652652996
368,20,"['Comedy', 'Sci-Fi', 'Action']",Active,0.5018114465900864
369,1,"['Sci-Fi', 'Comedy', 'Drama']",Active,0.42622329945345494
370,65,"['Comedy', 'Horror', 'Action']",Churned,0.13585377165514922
371,39,"['Drama', 'Sci-Fi', 'Horror']",Active,0.6190801149794048
372,61,"['Drama', 'Sci-Fi', 'Action']",Active,0.8017281927498336
373,96,"['Comedy', 'Horror', 'Drama']",Churned,0.22914409556120652
374,83,"['Action', 'Sci-Fi', 'Horror']",Active,0.4785935166342311
375,94,"['Drama', 'Sci-Fi', 'Comedy']",Active,0.051737527261798255
376,65,"['Action', 'Drama', 'Sci-Fi']",Active,0.8152185678735319
377,77,"['Sci-Fi', 'Comedy', 'Horror']",Active,0.864642966275286
378,94,"['Horror', 'Sci-Fi', 'Drama']",Churned,0.7238942488275193
379,28,"['Comedy', 'Horror', 'Sci-Fi']",Active,0.99082170706809
380,5,"['Action', 'Horror', 'Sci-Fi']",Churned,0.5615841495831272
381,6,"['Comedy', 'Drama', 'Horror']",Active,0.8971949141822843
382,92,"['Horror', 'Drama', 'Comedy']",Active,0.13345600894168563
383,27,"['Drama', 'Sci-Fi', 'Action']",Active,0.7183956247826316
384,97,"['Sci-Fi', 'Comedy', 'Horror']",Active,0.38827238715236445
385,62,"['Action', 'Comedy', 'Horror']",Active,0.3836893463411213
386,88,"['Sci-Fi', 'Drama', 'Horror']",Active,0.43135490936660714
387,98,"['Sci-Fi', 'Horror', 'Drama']",Active,0.46400685280004506
388,95,"['Sci-Fi', 'Horror', 'Drama']",Active,0.9710382904064744
389,47,"['Sci-Fi', 'Drama', 'Comedy']",Active,0.3369843354692674
390,70,"['Action', 'Horror', 'Drama']",Active,0.911253417210424
391,44,"['Horror', 'Sci-Fi', 'Action']",Active,0.05819241239199269
392,99,"['Horror', 'Comedy', 'Action']",Churned,0.8973235104416463
393,28,"['Comedy', 'Action', 'Sci-Fi']",Active,0.48277031093133127
394,80,"['Sci-Fi', 'Action', 'Comedy']",Active,0.9875788657428718
395,23,"['Sci-Fi', 'Horror', 'Comedy']",Active,0.04394009541526678
396,3,"['Action', 'Drama', 'Sci-Fi']",Active,0.7507176615208291
397,99,"['Sci-Fi', 'Comedy', 'Action']",Active,0.14018237309726478
398,86,"['Sci-Fi', 'Action', 'Horror']",Active,0.2585038741414739
399,69,"['Sci-Fi', 'Action', 'Drama']",Active,0.4991986661390623
400,40,"['Comedy', 'Sci-Fi', 'Drama']",Churned,0.37499849053970136
401,78,"['Sci-Fi', 'Drama', 'Comedy']",Active,0.9255062385929116
402,24,"['Action', 'Horror', 'Sci-Fi']",Active,0.5528144149264135
403,87,"['Comedy', 'Action', 'Horror']",Churned,0.6809338008599369
404,15,"['Drama', 'Horror', 'Comedy']",Active,0.6178920786136091
405,22,"['Horror', 'Action', 'Sci-Fi']",Active,0.7717572328226411
406,77,"['Drama', 'Comedy', 'Horror']",Active,0.2806022616133993
407,3,"['Action', 'Sci-Fi', 'Drama']",Active,0.489430770396614
408,1,"['Sci-Fi', 'Comedy', 'Horror']",Churned,0.09648513555767002
409,16,"['Drama', 'Action', 'Horror']",Active,0.83034519816806
410,27,"['Sci-Fi', 'Horror', 'Action']",Active,0.3077075018628773
411,59,"['Sci-Fi', 'Horror', 'Comedy']",Active,0.6941575911065796
412,37,"['Action', 'Drama', 'Sci-Fi']",Active,0.882431444618503
413,21,"['Sci-Fi', 'Drama', 'Horror']",Active,0.8894730559016588
414,98,"['Drama', 'Action', 'Horror']",Active,0.22873228547001856
415,56,"['Horror', 'Action', 'Sci-Fi']",Active,0.03698141838244218
416,19,"['Comedy', 'Drama', 'Horror']",Churned,0.9087712519869434
417,26,"['Horror', 'Sci-Fi', 'Action']",Active,0.6887235291463378
418,83,"['Action', 'Horror', 'Comedy']",Churned,0.5605254950766716
419,69,"['Horror', 'Action', 'Drama']",Active,0.36683151114750245
420,12,"['Action', 'Comedy', 'Drama']",Churned,0.07793720410759186
421,99,"['Sci-Fi', 'Horror', 'Comedy']",Active,0.8435616007373198
422,27,"['Sci-Fi', 'Horror', 'Comedy']",Churned,0.9120995675077868
423,50,"['Drama', 'Comedy', 'Horror']",Active,0.07111735157151544
424,38,"['Comedy', 'Drama', 'Horror']",Active,0.5410237447124833
425,54,"['Comedy', 'Horror', 'Sci-Fi']",Churned,0.5316940393172883
426,74,"['Drama', 'Horror', 'Action']",Active,0.19443718642646557
427,20,"['Action', 'Drama', 'Comedy']",Active,0.5854719262043473
428,96,"['Sci-Fi', 'Comedy', 'Action']",Active,0.03716975091521879
429,75,"['Action', 'Sci-Fi', 'Comedy']",Active,0.9555866200380102
430,21,"['Sci-Fi', 'Drama', 'Action']",Active,0.13110270812900138
431,1,"['Horror', 'Comedy', 'Sci-Fi']",Active,0.8840007051662077
432,32,"['Drama', 'Comedy', 'Sci-Fi']",Active,0.07134707843150967
433,46,"['Sci-Fi', 'Horror', 'Comedy']",Active,0.1835177269418573
434,45,"['Sci-Fi', 'Comedy', 'Drama']",Active,0.3548316575670535
435,2,"['Sci-Fi', 'Horror', 'Drama']",Active,0.7041139029567465
436,35,"['Drama', 'Comedy', 'Action']",Active,0.33093207815665837
437,44,"['Sci-Fi', 'Comedy', 'Horror']",Active,0.6629152155172607
438,64,"['Comedy', 'Horror', 'Action']",Active,0.6659240520312867
439,86,"['Sci-Fi', 'Horror', 'Comedy']",Churned,0.9497610856120703
440,74,"['Comedy', 'Action', 'Horror']",Active,0.6970648980448529
441,49,"['Horror', 'Action', 'Sci-Fi']",Active,0.038486193243672195
442,29,"['Horror', 'Comedy', 'Action']",Churned,0.8454066850034956
443,76,"['Comedy', 'Action', 'Horror']",Active,0.17765175746759887
444,92,"['Comedy', 'Drama', 'Sci-Fi']",Active,0.21435455298599415
445,66,"['Action', 'Sci-Fi', 'Drama']",Churned,0.4571047064514049
446,56,"['Action', 'Drama', 'Horror']",Active,0.06098633207841242
447,94,"['Comedy', 'Sci-Fi', 'Drama']",Active,0.677851518745908
448,32,"['Comedy', 'Horror', 'Sci-Fi']",Active,0.8752145195245119
449,40,"['Drama', 'Comedy', 'Sci-Fi']",Active,0.5130884208885665
450,82,"['Action', 'Sci-Fi', 'Comedy']",Active,0.30631013889213576
451,62,"['Action', 'Horror', 'Sci-Fi']",Active,0.5775359678906451
452,45,"['Sci-Fi', 'Comedy', 'Drama']",Active,0.45549280249180935
453,18,"['Horror', 'Action', 'Comedy']",Active,0.8291914599730266
454,61,"['Drama', 'Action', 'Sci-Fi']",Active,0.17189404758930882
455,38,"['Sci-Fi', 'Action', 'Drama']",Active,0.4453688657520056
456,72,"['Action', 'Comedy', 'Drama']",Churned,0.6642971304340444
457,64,"['Drama', 'Horror', 'Comedy']",Active,0.28129945696784997
458,68,"['Sci-Fi', 'Drama', 'Comedy']",Active,0.028705945788285114
459,89,"['Action', 'Comedy', 'Horror']",Active,0.7428933322469765
460,64,"['Horror', 'Drama', 'Comedy']",Active,0.10204998001364851
461,22,"['Comedy', 'Action', 'Horror']",Active,0.8191269732429158
462,77,"['Drama', 'Comedy', 'Sci-Fi']",Active,0.3521988931159832
463,56,"['Action', 'Drama', 'Comedy']",Active,0.9130421936763302
464,71,"['Comedy', 'Action', 'Drama']",Active,0.8812974875088854
465,26,"['Horror', 'Comedy', 'Action']",Active,0.5274003356851339
466,85,"['Drama', 'Horror', 'Action']",Active,0.25197393247605593
467,9,"['Drama', 'Sci-Fi', 'Action']",Active,0.7934957174302427
468,61,"['Action', 'Comedy', 'Sci-Fi']",Active,0.9183248431770311
469,64,"['Drama', 'Sci-Fi', 'Action']",Active,0.3493672312134777
470,99,"['Horror', 'Drama', 'Sci-Fi']",Active,0.556768603500519
471,4,"['Sci-Fi', 'Horror', 'Drama']",Churned,0.19154472047719373
472,23,"['Drama', 'Sci-Fi', 'Action']",Active,0.9640252797110468
473,17,"['Drama', 'Comedy', 'Sci-Fi']",Active,0.17158308004454526
474,52,"['Sci-Fi', 'Action', 'Drama']",Active,0.7871384284151592
475,62,"['Action', 'Horror', 'Drama']",Active,0.33335693552167145
476,61,"['Sci-Fi', 'Action', 'Drama']",Active,0.2626825618199162
477,25,"['Action', 'Sci-Fi', 'Comedy']",Active,0.39565327256949157
478,74,"['Action', 'Drama', 'Sci-Fi']",Active,0.9249905898201631
479,95,"['Comedy', 'Horror', 'Drama']",Active,0.46878099440362564
480,72,"['Action', 'Drama', 'Comedy']",Active,0.4894676155642601
481,86,"['Action', 'Horror', 'Comedy']",Active,0.2638446674197735
482,48,"['Drama', 'Sci-Fi', 'Horror']",Active,0.8373202950183064
483,71,"['Sci-Fi', 'Comedy', 'Action']",Churned,0.48554505223062894
484,27,"['Drama', 'Comedy', 'Sci-Fi']",Active,0.9113114516533171
485,11,"['Sci-Fi', 'Drama', 'Action']",Active,0.699379725719013
486,20,"['Drama', 'Horror', 'Action']",Active,0.9909256074468569
487,74,"['Comedy', 'Sci-Fi', 'Action']",Churned,0.9900150081896029
488,66,"['Horror', 'Comedy', 'Action']",Active,0.6405303623685544
489,79,"['Sci-Fi', 'Horror', 'Comedy']",Active,0.4974865853388045
490,67,"['Horror', 'Sci-Fi', 'Drama']",Churned,0.23358969944562724
491,29,"['Horror', 'Drama', 'Sci-Fi']",Active,0.8531819540142217
492,69,"['Action', 'Sci-Fi', 'Drama']",Active,0.7667022007388431
493,62,"['Sci-Fi', 'Comedy', 'Horror']",Active,0.017900622816689804
494,87,"['Drama', 'Action', 'Comedy']",Active,0.41955414966039273
495,51,"['Action', 'Comedy', 'Drama']",Churned,0.02964627208335313
496,29,"['Action', 'Sci-Fi', 'Horror']",Churned,0.11310112411089468
497,69,"['Action', 'Comedy', 'Horror']",Active,0.8992091780870207
498,15,"['Comedy', 'Action', 'Drama']",Active,0.9560423659938678
499,61,"['Action', 'Horror', 'Drama']",Active,0.9114405615105053
500,75,"['Horror', 'Sci-Fi', 'Drama']",Active,0.7287858773928936
501,57,"['Action', 'Sci-Fi', 'Comedy']",Active,0.2631950209824976
502,9,"['Sci-Fi', 'Action', 'Comedy']",Active,0.8439394670802747
503,92,"['Drama', 'Sci-Fi', 'Action']",Active,0.029763084736369683
504,99,"['Sci-Fi', 'Action', 'Comedy']",Active,0.5002170419757936
505,59,"['Action', 'Comedy', 'Drama']",Active,0.13324897278739822
506,53,"['Drama', 'Horror', 'Sci-Fi']",Active,0.7577613779516822
507,39,"['Comedy', 'Drama', 'Action']",Churned,0.45787647828473543
508,94,"['Comedy', 'Action', 'Sci-Fi']",Active,0.46475658430265165
509,68,"['Drama', 'Horror', 'Action']",Active,0.012651154199221026
510,57,"['Sci-Fi', 'Horror', 'Action']",Active,0.9243778449674124
511,81,"['Action', 'Comedy', 'Drama']",Active,0.21710157145009368
512,65,"['Horror', 'Action', 'Sci-Fi']",Churned,0.3019759329119084
513,52,"['Drama', 'Sci-Fi', 'Comedy']",Active,0.04228093069600081
514,15,"['Drama', 'Horror', 'Action']",Active,0.9116833495369614
515,94,"['Horror', 'Comedy', 'Drama']",Churned,0.4003387729836392
516,79,"['Comedy', 'Drama', 'Sci-Fi']",Churned,0.12772098693658973
517,43,"['Comedy', 'Drama', 'Sci-Fi']",Active,0.9740264957160586
518,64,"['Action', 'Horror', 'Drama']",Active,0.7399332698956514
519,22,"['Comedy', 'Drama', 'Horror']",Active,0.18696296829742698
520,29,"['Action', 'Horror', 'Comedy']",Active,0.21867201656394175
521,54,"['Drama', 'Sci-Fi', 'Action']",Active,0.3032839326012218
522,15,"['Drama', 'Horror', 'Action']",Active,0.7986141783232369
523,33,"['Horror', 'Action', 'Comedy']",Active,0.928026412290382
524,24,"['Sci-Fi', 'Drama', 'Horror']",Active,0.2730518476641707
525,55,"['Drama', 'Action', 'Sci-Fi']",Churned,0.8605585993598477
526,45,"['Action', 'Comedy', 'Sci-Fi']",Active,0.7054434101521374
527,63,"['Drama', 'Comedy', 'Sci-Fi']",Active,0.8809017090772571
528,99,"['Action', 'Sci-Fi', 'Horror']",Active,0.8956726678895908
529,82,"['Drama', 'Action', 'Horror']",Churned,0.15732006772185692
530,27,"['Action', 'Sci-Fi', 'Drama']",Active,0.27019003037490996
531,25,"['Action', 'Drama', 'Comedy']",Active,0.09723873344458078
532,6,"['Comedy', 'Sci-Fi', 'Action']",Active,0.9875641624020282
533,76,"['Drama', 'Action', 'Comedy']",Active,0.42150565755379654
534,71,"['Sci-Fi', 'Horror', 'Comedy']",Active,0.3898460314806871
535,9,"['Horror', 'Comedy', 'Action']",Active,0.9886880986650514
536,10,"['Comedy', 'Sci-Fi', 'Action']",Active,0.27878927857492863
537,41,"['Sci-Fi', 'Action', 'Drama']",Active,0.4723577974536364
538,27,"['Action', 'Comedy', 'Drama']",Active,0.7055018500374525
539,46,"['Action', 'Sci-Fi', 'Drama']",Churned,0.15552347096858177
540,44,"['Comedy', 'Horror', 'Drama']",Churned,0.4851755071826238
541,82,"['Drama', 'Action', 'Horror']",Active,0.25239442766131126
542,24,"['Action', 'Sci-Fi', 'Drama']",Active,0.5218428747538916
543,16,"['Action', 'Drama', 'Comedy']",Active,0.14094944016734745
544,29,"['Drama', 'Action', 'Horror']",Active,0.4874049254866022
545,50,"['Sci-Fi', 'Drama', 'Comedy']",Active,0.5361002114724925
546,53,"['Sci-Fi', 'Action', 'Comedy']",Active,0.09109368246192717
547,36,"['Action', 'Comedy', 'Horror']",Active,0.8489508244910132
548,15,"['Drama', 'Action', 'Sci-Fi']",Active,0.8104668018006125
549,3,"['Comedy', 'Drama', 'Horror']",Churned,0.9350551081637593
550,38,"['Drama', 'Action', 'Sci-Fi']",Active,0.013707761311834266
551,53,"['Sci-Fi', 'Drama', 'Horror']",Active,0.34966487788544787
552,35,"['Sci-Fi', 'Horror', 'Drama']",Active,0.09496887873172899
553,91,"['Action', 'Drama', 'Horror']",Active,0.05151701026228339
554,52,"['Horror', 'Sci-Fi', 'Drama']",Active,0.7719811019638707
555,47,"['Sci-Fi', 'Action', 'Horror']",Active,0.17379413735522653
556,49,"['Horror', 'Sci-Fi', 'Comedy']",Active,0.6152052879373225
557,27,"['Horror', 'Drama', 'Comedy']",Active,0.5415861141028298
558,69,"['Comedy', 'Horror', 'Sci-Fi']",Active,0.33093738165201536
559,34,"['Horror', 'Sci-Fi', 'Comedy']",Churned,0.43871437865229357
560,48,"['Comedy', 'Horror', 'Action']",Churned,0.6386429039704354
561,32,"['Sci-Fi', 'Horror', 'Comedy']",Active,0.7173315025234509
562,1,"['Action', 'Sci-Fi', 'Horror']",Active,0.8547836309985307
563,27,"['Horror', 'Sci-Fi', 'Drama']",Active,0.3590872201693145
564,80,"['Sci-Fi', 'Drama', 'Horror']",Active,0.14955717423498827
565,46,"['Drama', 'Horror', 'Action']",Active,0.9335739025084472
566,12,"['Drama', 'Sci-Fi', 'Action']",Churned,0.36211635258680075
567,53,"['Sci-Fi', 'Action', 'Comedy']",Active,0.036784140407888466
568,61,"['Action', 'Drama', 'Horror']",Active,0.06878603160994057
569,80,"['Sci-Fi', 'Drama', 'Comedy']",Active,0.7987876837503469
570,58,"['Drama', 'Action', 'Horror']",Active,0.49565424218500076
571,25,"['Horror', 'Action', 'Sci-Fi']",Active,0.8068978036341091
572,37,"['Drama', 'Sci-Fi', 'Horror']",Active,0.34423824797601155
573,9,"['Horror', 'Sci-Fi', 'Comedy']",Active,0.014001695494191502
574,35,"['Action', 'Comedy', 'Horror']",Active,0.7318617075278048
575,21,"['Sci-Fi', 'Action', 'Drama']",Active,0.0948058355454976
576,99,"['Comedy', 'Drama', 'Sci-Fi']",Active,0.38928354628762163
577,48,"['Horror', 'Drama', 'Sci-Fi']",Active,0.048886540995736194
578,22,"['Drama', 'Comedy', 'Sci-Fi']",Active,0.9136522436074097
579,10,"['Sci-Fi', 'Action', 'Horror']",Active,0.22682048206601046
580,96,"['Action', 'Comedy', 'Drama']",Churned,0.1561356691394269
581,14,"['Horror', 'Sci-Fi', 'Action']",Active,0.45000162097597285
582,42,"['Action', 'Comedy', 'Horror']",Active,0.820497013493067
583,3,"['Horror', 'Comedy', 'Drama']",Active,0.9672373021012468
584,40,"['Horror', 'Comedy', 'Action']",Active,0.35246284572571984
585,47,"['Sci-Fi', 'Comedy', 'Horror']",Active,0.889582080285621
586,8,"['Horror', 'Drama', 'Action']",Active,0.8768595528331944
587,40,"['Horror', 'Drama', 'Sci-Fi']",Active,0.4380276196396795
588,24,"['Horror', 'Action', 'Sci-Fi']",Active,0.8297737548114393
589,89,"['Comedy', 'Action', 'Horror']",Active,0.3260344531208923
590,51,"['Action', 'Sci-Fi', 'Drama']",Active,0.16375357084027709
591,15,"['Sci-Fi', 'Drama', 'Comedy']",Active,0.2333628318094907
592,11,"['Comedy', 'Sci-Fi', 'Action']",Active,0.8340044865632571
593,28,"['Horror', 'Comedy', 'Action']",Active,0.13724931940734586
594,76,"['Comedy', 'Drama', 'Horror']",Active,0.9727685171803979
595,56,"['Action', 'Horror', 'Drama']",Active,0.3223035786835099
596,44,"['Drama', 'Sci-Fi', 'Comedy']",Active,0.42561239923980587
597,49,"['Comedy', 'Horror', 'Sci-Fi']",Active,0.6028204234690467
598,20,"['Comedy', 'Horror', 'Action']",Active,0.6967144466746235
599,4,"['Sci-Fi', 'Action', 'Comedy']",Churned,0.07663857382603534
600,43,"['Drama', 'Action', 'Sci-Fi']",Active,0.37322411946267364
601,61,"['Horror', 'Comedy', 'Action']",Active,0.298856493730457
602,12,"['Comedy', 'Action', 'Horror']",Active,0.0909841124853552
603,47,"['Drama', 'Action', 'Comedy']",Churned,0.6918317048869341
604,35,"['Comedy', 'Drama', 'Horror']",Churned,0.1335093098234058
605,67,"['Comedy', 'Horror', 'Action']",Active,0.14065849331907299
606,7,"['Drama', 'Comedy', 'Action']",Active,0.49168113875576946
607,5,"['Sci-Fi', 'Drama', 'Action']",Active,0.5624151813154958
608,22,"['Comedy', 'Sci-Fi', 'Horror']",Active,0.08291738014589711
609,35,"['Horror', 'Action', 'Comedy']",Active,0.016511961976626854
610,73,"['Horror', 'Comedy', 'Action']",Active,0.7896801253169313
611,43,"['Action', 'Comedy', 'Drama']",Active,0.7902604142561648
612,19,"['Horror', 'Sci-Fi', 'Comedy']",Active,0.1752018923790375
613,58,"['Action', 'Comedy', 'Sci-Fi']",Active,0.6865271532101602
614,40,"['Horror', 'Action', 'Sci-Fi']",Active,0.20364016308068622
615,71,"['Sci-Fi', 'Horror', 'Drama']",Active,0.5618229011424912
616,47,"['Sci-Fi', 'Horror', 'Comedy']",Active,0.16865491447297998
617,73,"['Drama', 'Sci-Fi', 'Action']",Active,0.9392952076678046
618,26,"['Horror', 'Action', 'Drama']",Active,0.4927801498005121
619,62,"['Comedy', 'Horror', 'Sci-Fi']",Churned,0.5918938230522915
620,64,"['Comedy', 'Sci-Fi', 'Action']",Churned,0.29530482852123585
621,41,"['Drama', 'Action', 'Horror']",Active,0.9482312356710715
622,31,"['Action', 'Horror', 'Drama']",Churned,0.5663045217140757
623,53,"['Horror', 'Comedy', 'Sci-Fi']",Active,0.1102783637775463
624,47,"['Comedy', 'Drama', 'Horror']",Active,0.545689625160737
625,95,"['Comedy', 'Action', 'Sci-Fi']",Active,0.8747321474242611
626,80,"['Sci-Fi', 'Comedy', 'Action']",Active,0.7323835628935115
627,31,"['Horror', 'Action', 'Comedy']",Active,0.4349139843005616
628,97,"['Horror', 'Sci-Fi', 'Action']",Active,0.6372148599822351
629,36,"['Sci-Fi', 'Horror', 'Action']",Active,0.725981346046098
630,26,"['Sci-Fi', 'Comedy', 'Action']",Active,0.5471492930715401
631,29,"['Horror', 'Action', 'Sci-Fi']",Active,0.12598091237128484
632,58,"['Comedy', 'Sci-Fi', 'Drama']",Active,0.23514168481047093
633,15,"['Drama', 'Horror', 'Comedy']",Active,0.8493070017237236
634,45,"['Comedy', 'Action', 'Sci-Fi']",Active,0.04506116967950702
635,26,"['Drama', 'Horror', 'Action']",Churned,0.9830552234239986
636,34,"['Horror', 'Action', 'Comedy']",Active,0.5606446906644861
637,9,"['Comedy', 'Sci-Fi', 'Drama']",Active,0.275713758628243
638,39,"['Drama', 'Comedy', 'Sci-Fi']",Churned,0.29017223013508286
639,34,"['Comedy', 'Horror', 'Sci-Fi']",Active,0.894734622660028
640,80,"['Action', 'Comedy', 'Drama']",Churned,0.029444591744339665
641,75,"['Drama', 'Sci-Fi', 'Action']",Active,0.08129040091191508
642,15,"['Drama', 'Sci-Fi', 'Comedy']",Active,0.4913278783984607
643,36,"['Action', 'Horror', 'Comedy']",Active,0.7937063515942455
644,31,"['Comedy', 'Horror', 'Action']",Active,0.8810217368055705
645,12,"['Drama', 'Sci-Fi', 'Horror']",Active,0.09177762753579466
646,65,"['Comedy', 'Drama', 'Sci-Fi']",Active,0.5916606039481754
647,39,"['Action', 'Drama', 'Comedy']",Churned,0.28388473912954204
648,44,"['Comedy', 'Action', 'Drama']",Active,0.680302481170305
649,3,"['Action', 'Comedy', 'Drama']",Active,0.8512307408908244
650,30,"['Drama', 'Sci-Fi', 'Horror']",Active,0.8009224327635837
651,10,"['Drama', 'Horror', 'Action']",Active,0.1651531099633483
652,58,"['Comedy', 'Horror', 'Action']",Active,0.7966281683373373
653,73,"['Horror', 'Sci-Fi', 'Action']",Active,0.40659958572070876
654,29,"['Horror', 'Comedy', 'Sci-Fi']",Active,0.6397222240705869
655,51,"['Drama', 'Horror', 'Comedy']",Churned,0.29029260060989115
656,21,"['Sci-Fi', 'Drama', 'Horror']",Active,0.489060759366412
657,24,"['Sci-Fi', 'Drama', 'Comedy']",Churned,0.7774770997492256
658,14,"['Drama', 'Sci-Fi', 'Horror']",Active,0.1647176901209264
659,73,"['Drama', 'Horror', 'Sci-Fi']",Active,0.7734873581132374
660,47,"['Action', 'Comedy', 'Drama']",Active,0.4266187702444819
661,87,"['Horror', 'Drama', 'Sci-Fi']",Active,0.29092401157554704
662,87,"['Horror', 'Comedy', 'Drama']",Active,0.1396604677423533
663,30,"['Comedy', 'Sci-Fi', 'Horror']",Churned,0.09551960710820728
664,72,"['Horror', 'Sci-Fi', 'Action']",Churned,0.05206352634124212
665,68,"['Comedy', 'Drama', 'Horror']",Active,0.7988889948593859
666,45,"['Sci-Fi', 'Horror', 'Comedy']",Active,0.828896381104675
667,89,"['Comedy', 'Drama', 'Action']",Active,0.422003418622207
668,69,"['Comedy', 'Action', 'Sci-Fi']",Churned,0.36589009079895185
669,69,"['Sci-Fi', 'Comedy', 'Action']",Churned,0.18503805722490674
670,88,"['Comedy', 'Drama', 'Action']",Active,0.29619506963240994
671,96,"['Sci-Fi', 'Comedy', 'Action']",Churned,0.9748050531341923
672,55,"['Comedy', 'Sci-Fi', 'Horror']",Active,0.30808845257403583
673,35,"['Sci-Fi', 'Comedy', 'Action']",Active,0.31087853960844214
674,91,"['Action', 'Drama', 'Horror']",Active,0.4631939209684066
675,35,"['Drama', 'Action', 'Horror']",Active,0.385357096422948
676,36,"['Drama', 'Sci-Fi', 'Action']",Active,0.3919631491919897
677,15,"['Drama', 'Horror', 'Sci-Fi']",Active,0.2032110548324697
678,63,"['Action', 'Comedy', 'Sci-Fi']",Active,0.9226941819650181
679,99,"['Drama', 'Horror', 'Comedy']",Active,0.5976887489516324
680,80,"['Drama', 'Sci-Fi', 'Horror']",Churned,0.7260948346480081
681,53,"['Drama', 'Horror', 'Comedy']",Churned,0.6689628785113126
682,71,"['Comedy', 'Horror', 'Sci-Fi']",Active,0.3290984336798437
683,22,"['Drama', 'Sci-Fi', 'Comedy']",Churned,0.5591940255739168
684,48,"['Horror', 'Sci-Fi', 'Drama']",Active,0.7899982559327846
685,27,"['Comedy', 'Horror', 'Sci-Fi']",Churned,0.7671170016937514
686,42,"['Horror', 'Sci-Fi', 'Drama']",Active,0.5350587418968393
687,4,"['Action', 'Comedy', 'Horror']",Active,0.746611612437541
688,90,"['Comedy', 'Drama', 'Sci-Fi']",Active,0.13904880695992516
689,32,"['Drama', 'Horror', 'Comedy']",Active,0.4876213976096325
690,64,"['Horror', 'Drama', 'Action']",Active,0.24753184958920948
691,74,"['Action', 'Horror', 'Comedy']",Active,0.2297737600747014
692,67,"['Comedy', 'Action', 'Drama']",Churned,0.38412995971347774
693,14,"['Drama', 'Horror', 'Comedy']",Active,0.16345224064714037
694,82,"['Sci-Fi', 'Action', 'Comedy']",Active,0.11074242225645459
695,38,"['Action', 'Drama', 'Comedy']",Active,0.6744573119954806
696,23,"['Drama', 'Horror', 'Action']",Active,0.6726703917640988
697,38,"['Drama', 'Horror', 'Sci-Fi']",Active,0.9637877600904449
698,89,"['Action', 'Sci-Fi', 'Comedy']",Active,0.0048251848121561025
699,11,"['Horror', 'Action', 'Comedy']",Active,0.5896143285453602
700,48,"['Comedy', 'Action', 'Sci-Fi']",Active,0.40740595123936785
701,87,"['Comedy', 'Drama', 'Action']",Active,0.20405500734323612
702,43,"['Comedy', 'Action', 'Horror']",Churned,0.3751651973640592
703,17,"['Horror', 'Drama', 'Action']",Active,0.1831873624486421
704,29,"['Comedy', 'Action', 'Drama']",Active,0.16116293848116459
705,68,"['Horror', 'Action', 'Drama']",Active,0.4075641778749376
706,98,"['Comedy', 'Horror', 'Sci-Fi']",Churned,0.24096158346604113
707,43,"['Horror', 'Action', 'Sci-Fi']",Active,0.5063586970865117
708,36,"['Action', 'Comedy', 'Drama']",Active,0.7392226406755745
709,11,"['Horror', 'Action', 'Comedy']",Churned,0.8956818924943917
710,99,"['Sci-Fi', 'Drama', 'Comedy']",Active,0.31007249413129323
711,12,"['Sci-Fi', 'Action', 'Comedy']",Active,0.8217028079166626
712,6,"['Drama', 'Sci-Fi', 'Horror']",Churned,0.7079463453997178
713,97,"['Horror', 'Action', 'Sci-Fi']",Active,0.127135065150212
714,1,"['Horror', 'Comedy', 'Drama']",Active,0.9550995279708907
715,30,"['Sci-Fi', 'Horror', 'Drama']",Active,0.2896487373450133
716,50,"['Action', 'Horror', 'Comedy']",Active,0.3899665953141237
717,59,"['Sci-Fi', 'Action', 'Drama']",Active,0.11852562031358949
718,5,"['Action', 'Horror', 'Drama']",Churned,0.08470365372605937
719,99,"['Sci-Fi', 'Comedy', 'Action']",Active,0.13950187141641235
720,40,"['Horror', 'Action', 'Sci-Fi']",Active,0.10724181223396623
721,20,"['Action', 'Drama', 'Horror']",Active,0.3963437925491512
722,37,"['Drama', 'Sci-Fi', 'Comedy']",Active,0.4024436619826448
723,36,"['Comedy', 'Action', 'Sci-Fi']",Churned,0.41937388139183485
724,83,"['Drama', 'Action', 'Comedy']",Active,0.9082886157603393
725,17,"['Horror', 'Action', 'Comedy']",Active,0.45053811032379987
726,52,"['Horror', 'Drama', 'Action']",Active,0.2457898012166141
727,71,"['Action', 'Comedy', 'Sci-Fi']",Active,0.6090484097545357
728,29,"['Drama', 'Action', 'Sci-Fi']",Active,0.015716766266884008
729,56,"['Drama', 'Horror', 'Comedy']",Active,0.29779292184204387
730,13,"['Horror', 'Action', 'Drama']",Churned,0.6534785109010693
731,80,"['Action', 'Sci-Fi', 'Comedy']",Churned,0.10114837910960361
732,58,"['Horror', 'Comedy', 'Sci-Fi']",Active,0.6560962259938213
733,49,"['Comedy', 'Action', 'Sci-Fi']",Active,0.561894268427275
734,42,"['Horror', 'Sci-Fi', 'Comedy']",Active,0.7880795561052756
735,60,"['Drama', 'Sci-Fi', 'Comedy']",Churned,0.2776347402799536
736,70,"['Sci-Fi', 'Horror', 'Comedy']",Active,0.400683003544128
737,82,"['Drama', 'Horror', 'Comedy']",Active,0.6180604796266072
738,20,"['Horror', 'Drama', 'Sci-Fi']",Active,0.7870387573182637
739,40,"['Horror', 'Drama', 'Comedy']",Active,0.6851399593043084
740,87,"['Horror', 'Comedy', 'Drama']",Active,0.8939436837335911
741,4,"['Comedy', 'Drama', 'Sci-Fi']",Active,0.716750598861868
742,23,"['Comedy', 'Horror', 'Drama']",Churned,0.17050994402439712
743,8,"['Horror', 'Comedy', 'Action']",Active,0.5500640028815554
744,46,"['Drama', 'Horror', 'Comedy']",Active,0.06711107661845295
745,78,"['Comedy', 'Drama', 'Action']",Active,0.7540271807590149
746,81,"['Action', 'Drama', 'Sci-Fi']",Active,0.6334814190091125
747,93,"['Drama', 'Sci-Fi', 'Comedy']",Active,0.5854545663105866
748,14,"['Action', 'Drama', 'Horror']",Active,0.37463654593415396
749,52,"['Sci-Fi', 'Horror', 'Comedy']",Active,0.023475907745844626
750,73,"['Comedy', 'Action', 'Sci-Fi']",Active,0.17014607192480558
751,75,"['Sci-Fi', 'Drama', 'Horror']",Active,0.7121943330185951
752,50,"['Drama', 'Action', 'Sci-Fi']",Active,0.6240952941276198
753,3,"['Sci-Fi', 'Action', 'Horror']",Active,0.6226723611590684
754,3,"['Comedy', 'Action', 'Sci-Fi']",Active,0.0011169388453682316
755,47,"['Sci-Fi', 'Drama', 'Action']",Active,0.845263157478504
756,33,"['Comedy', 'Drama', 'Action']",Active,0.7811758852729445
757,58,"['Drama', 'Sci-Fi', 'Action']",Active,0.282025720339959
758,95,"['Horror', 'Sci-Fi', 'Drama']",Active,0.5186856163666926
759,49,"['Sci-Fi', 'Action', 'Comedy']",Active,0.35798689196070477
760,87,"['Horror', 'Drama', 'Sci-Fi']",Churned,0.5327747580535038
761,41,"['Drama', 'Sci-Fi', 'Action']",Churned,0.996809176407934
762,42,"['Comedy', 'Drama', 'Action']",Active,0.5060996675385283
763,86,"['Action', 'Horror', 'Comedy']",Active,0.698489706781509
764,71,"['Sci-Fi', 'Drama', 'Comedy']",Active,0.919193266884826
765,93,"['Horror', 'Drama', 'Action']",Active,0.04230763029221174
766,28,"['Drama', 'Horror', 'Sci-Fi']",Active,0.9227249322468045
767,72,"['Sci-Fi', 'Comedy', 'Horror']",Active,0.4044702070350963
768,78,"['Comedy', 'Sci-Fi', 'Action']",Churned,0.929113441361729
769,94,"['Horror', 'Comedy', 'Drama']",Active,0.4593250582064061
770,70,"['Drama', 'Comedy', 'Action']",Churned,0.7261012162735646
771,75,"['Drama', 'Sci-Fi', 'Comedy']",Active,0.46224368907373703
772,99,"['Horror', 'Action', 'Sci-Fi']",Active,0.07813370781756479
773,39,"['Sci-Fi', 'Drama', 'Action']",Active,0.5259020662503934
774,13,"['Action', 'Horror', 'Sci-Fi']",Active,0.5647907333986568
775,35,"['Horror', 'Drama', 'Sci-Fi']",Churned,0.3902164897870599
776,72,"['Comedy', 'Sci-Fi', 'Drama']",Active,0.089261097388875
777,17,"['Horror', 'Comedy', 'Sci-Fi']",Active,0.733496843723852
778,18,"['Sci-Fi', 'Comedy', 'Horror']",Active,0.45681508160509543
779,57,"['Horror', 'Comedy', 'Sci-Fi']",Active,0.875836695896761
780,30,"['Horror', 'Action', 'Sci-Fi']",Active,0.16948648802008104
781,76,"['Comedy', 'Horror', 'Drama']",Active,0.290513007692761
782,18,"['Horror', 'Comedy', 'Sci-Fi']",Churned,0.6099112490268946
783,2,"['Drama', 'Horror', 'Action']",Active,0.1738632714580316
784,97,"['Drama', 'Comedy', 'Horror']",Active,0.30081768320708413
785,56,"['Horror', 'Drama', 'Comedy']",Churned,0.3318378600197922
786,86,"['Action', 'Drama', 'Sci-Fi']",Active,0.4967888626150545
787,95,"['Comedy', 'Drama', 'Horror']",Churned,0.04673348536615318
788,66,"['Horror', 'Drama', 'Action']",Active,0.9407502142783418
789,48,"['Horror', 'Sci-Fi', 'Drama']",Churned,0.4347283691402186
790,41,"['Action', 'Horror', 'Comedy']",Active,0.14479625559713005
791,56,"['Drama', 'Sci-Fi', 'Horror']",Active,0.4649182844886319
792,28,"['Horror', 'Sci-Fi', 'Drama']",Active,0.08004859766010608
793,23,"['Action', 'Comedy', 'Horror']",Churned,0.23163183095348694
794,81,"['Comedy', 'Sci-Fi', 'Horror']",Active,0.9982762994429742
795,1,"['Action', 'Sci-Fi', 'Horror']",Active,0.9221927717873576
796,99,"['Action', 'Sci-Fi', 'Horror']",Churned,0.768573515642313
797,50,"['Comedy', 'Drama', 'Horror']",Active,0.5741595746316928
798,16,"['Drama', 'Sci-Fi', 'Comedy']",Churned,0.41882757634552814
799,21,"['Horror', 'Action', 'Sci-Fi']",Churned,0.06290228061726821
800,79,"['Drama', 'Sci-Fi', 'Comedy']",Active,0.534875754452327
801,58,"['Horror', 'Drama', 'Comedy']",Active,0.5860912916760985
802,83,"['Sci-Fi', 'Action', 'Horror']",Active,0.4822013366205521
803,29,"['Horror', 'Drama', 'Sci-Fi']",Active,0.22272238569916303
804,48,"['Comedy', 'Horror', 'Action']",Active,0.1978414899186528
805,29,"['Drama', 'Horror', 'Sci-Fi']",Active,0.650981078486744
806,99,"['Sci-Fi', 'Horror', 'Action']",Churned,0.37994317935734
807,72,"['Horror', 'Comedy', 'Sci-Fi']",Active,0.1493380790295118
808,7,"['Horror', 'Sci-Fi', 'Comedy']",Active,0.1755481750023099
809,29,"['Drama', 'Sci-Fi', 'Comedy']",Active,0.23103285876258595
810,66,"['Sci-Fi', 'Drama', 'Horror']",Active,0.21470356171647975
811,59,"['Horror', 'Action', 'Sci-Fi']",Active,0.20376903900355547
812,72,"['Horror', 'Action', 'Comedy']",Active,0.8126712943458204
813,87,"['Sci-Fi', 'Action', 'Horror']",Active,0.2570735047894488
814,26,"['Action', 'Comedy', 'Horror']",Active,0.3741668833842712
815,22,"['Sci-Fi', 'Action', 'Horror']",Churned,0.4684764411817429
816,29,"['Horror', 'Action', 'Comedy']",Active,0.1876033398162884
817,16,"['Sci-Fi', 'Drama', 'Horror']",Churned,0.3484816819404495
818,42,"['Drama', 'Action', 'Horror']",Active,0.5636370997567391
819,2,"['Sci-Fi', 'Horror', 'Action']",Active,0.3500390499194074
820,72,"['Action', 'Comedy', 'Sci-Fi']",Active,0.5253363344027552
821,93,"['Action', 'Horror', 'Comedy']",Active,0.651555696614093
822,20,"['Drama', 'Comedy', 'Horror']",Active,0.46851637866055984
823,68,"['Drama', 'Horror', 'Action']",Active,0.035493069715905046
824,23,"['Action', 'Comedy', 'Sci-Fi']",Active,0.13405326025898345
825,85,"['Comedy', 'Sci-Fi', 'Drama']",Active,0.08425148495144019
826,84,"['Action', 'Sci-Fi', 'Horror']",Active,0.9782415072385323
827,89,"['Horror', 'Comedy', 'Drama']",Active,0.6548550211214975
828,72,"['Sci-Fi', 'Comedy', 'Horror']",Active,0.2027197511791543
829,48,"['Sci-Fi', 'Drama', 'Horror']",Active,0.9311640027000863
830,83,"['Horror', 'Comedy', 'Drama']",Active,0.8003476749138937
831,81,"['Drama', 'Horror', 'Action']",Active,0.7805580847896858
832,9,"['Action', 'Comedy', 'Horror']",Active,0.52029014326854
833,10,"['Drama', 'Sci-Fi', 'Comedy']",Churned,0.4377768974918239
834,55,"['Drama', 'Sci-Fi', 'Action']",Active,0.46283899087590274
835,96,"['Drama', 'Action', 'Horror']",Active,0.7387846500414743
836,72,"['Horror', 'Drama', 'Action']",Active,0.5979288607164819
837,91,"['Drama', 'Sci-Fi', 'Comedy']",Active,0.8167419615969995
838,56,"['Drama', 'Horror', 'Sci-Fi']",Active,0.3763966136972602
839,78,"['Drama', 'Action', 'Comedy']",Active,0.446808579072391
840,28,"['Drama', 'Comedy', 'Horror']",Churned,0.455739790819243
841,62,"['Drama', 'Horror', 'Action']",Active,0.17473402300320073
842,17,"['Drama', 'Comedy', 'Sci-Fi']",Active,0.5657639222393994
843,50,"['Sci-Fi', 'Comedy', 'Action']",Active,0.5707195975668551
844,59,"['Horror', 'Comedy', 'Sci-Fi']",Active,0.7146625864653009
845,28,"['Action', 'Drama', 'Sci-Fi']",Active,0.695041592407727
846,12,"['Comedy', 'Action', 'Drama']",Active,0.0608448731242166
847,81,"['Comedy', 'Horror', 'Drama']",Active,0.3228974023362342
848,37,"['Horror', 'Drama', 'Comedy']",Churned,0.47682243906072175
849,75,"['Action', 'Horror', 'Comedy']",Active,0.45748358482861007
850,67,"['Drama', 'Action', 'Sci-Fi']",Active,0.794462977880433
851,85,"['Horror', 'Sci-Fi', 'Action']",Churned,0.5825938714891773
852,82,"['Sci-Fi', 'Drama', 'Action']",Churned,0.20551957874400528
853,97,"['Sci-Fi', 'Action', 'Comedy']",Active,0.4761033798916209
854,39,"['Sci-Fi', 'Drama', 'Horror']",Active,0.49473710212470945
855,90,"['Sci-Fi', 'Drama', 'Horror']",Active,0.6662966361559615
856,12,"['Comedy', 'Horror', 'Action']",Active,0.1363627853693702
857,58,"['Horror', 'Drama', 'Action']",Active,0.5151121474371493
858,42,"['Sci-Fi', 'Horror', 'Action']",Active,0.7579616660967844
859,60,"['Horror', 'Action', 'Comedy']",Active,0.898463373203284
860,52,"['Drama', 'Comedy', 'Sci-Fi']",Active,0.7672770460911047
861,31,"['Sci-Fi', 'Action', 'Drama']",Active,0.5758461778242426
862,11,"['Action', 'Drama', 'Comedy']",Active,0.2647040434939181
863,68,"['Sci-Fi', 'Comedy', 'Drama']",Active,0.3054697161507113
864,57,"['Sci-Fi', 'Drama', 'Horror']",Active,0.34346942540592307
865,66,"['Drama', 'Action', 'Comedy']",Active,0.7722515476647174
866,6,"['Horror', 'Sci-Fi', 'Comedy']",Active,0.08373257455973959
867,32,"['Comedy', 'Horror', 'Drama']",Churned,0.45647875956561557
868,28,"['Comedy', 'Action', 'Sci-Fi']",Active,0.3362465838306615
869,26,"['Sci-Fi', 'Action', 'Horror']",Active,0.5406957760646778
870,11,"['Drama', 'Action', 'Horror']",Churned,0.6005427957815637
871,65,"['Comedy', 'Action', 'Sci-Fi']",Churned,0.8954778039883566
872,94,"['Horror', 'Comedy', 'Action']",Active,0.4227761516736711
873,33,"['Comedy', 'Sci-Fi', 'Horror']",Active,0.05412074820346047
874,98,"['Sci-Fi', 'Action', 'Drama']",Active,0.9567501661371104
875,99,"['Drama', 'Action', 'Sci-Fi']",Churned,0.7346778515081016
876,28,"['Sci-Fi', 'Comedy', 'Drama']",Active,0.9126337413445413
877,83,"['Comedy', 'Drama', 'Action']",Active,0.8455833782556279
878,36,"['Horror', 'Sci-Fi', 'Comedy']",Active,0.2555575739400583
879,99,"['Horror', 'Comedy', 'Sci-Fi']",Active,0.058423040828266215
880,3,"['Horror', 'Drama', 'Action']",Active,0.1303232620417738
881,10,"['Action', 'Comedy', 'Drama']",Churned,0.7614069373527869
882,16,"['Action', 'Comedy', 'Drama']",Active,0.40575122142032405
883,79,"['Action', 'Drama', 'Comedy']",Churned,0.5594675156989558
884,99,"['Sci-Fi', 'Comedy', 'Action']",Churned,0.77339752933174
885,10,"['Comedy', 'Drama', 'Horror']",Churned,0.06077233223580647
886,27,"['Horror', 'Action', 'Sci-Fi']",Active,0.9480765375611224
887,71,"['Comedy', 'Sci-Fi', 'Horror']",Active,0.5094799379421733
888,48,"['Action', 'Drama', 'Sci-Fi']",Active,0.7447438421607365
889,63,"['Drama', 'Comedy', 'Horror']",Active,0.9538962977297895
890,73,"['Drama', 'Horror', 'Sci-Fi']",Churned,0.765121833671307
891,60,"['Sci-Fi', 'Drama', 'Horror']",Active,0.15382558267885238
892,27,"['Sci-Fi', 'Drama', 'Horror']",Churned,0.2246157648871262
893,96,"['Action', 'Drama', 'Horror']",Active,0.3084696294649716
894,62,"['Horror', 'Drama', 'Sci-Fi']",Active,0.8125838726060072
895,69,"['Horror', 'Sci-Fi', 'Action']",Active,0.05169673598904745
896,67,"['Sci-Fi', 'Drama', 'Comedy']",Churned,0.35953499987653603
897,40,"['Action', 'Horror', 'Sci-Fi']",Active,0.09880596237967376
898,42,"['Action', 'Drama', 'Comedy']",Active,0.7259893703009411
899,87,"['Sci-Fi', 'Comedy', 'Action']",Active,0.9549825314309524
900,58,"['Action', 'Sci-Fi', 'Comedy']",Active,0.7574025838069918
901,84,"['Horror', 'Comedy', 'Action']",Churned,0.20479960218228555
902,57,"['Drama', 'Comedy', 'Horror']",Active,0.18081197293856122
903,49,"['Drama', 'Comedy', 'Sci-Fi']",Active,0.38055103584452543
904,28,"['Action', 'Sci-Fi', 'Horror']",Churned,0.8737687895365037
905,2,"['Horror', 'Drama', 'Sci-Fi']",Active,0.5673722330263848
906,93,"['Comedy', 'Drama', 'Sci-Fi']",Active,0.5521901772166583
907,7,"['Action', 'Horror', 'Drama']",Active,0.40463518908276186
908,74,"['Action', 'Sci-Fi', 'Drama']",Active,0.9965473448562414
909,38,"['Horror', 'Sci-Fi', 'Comedy']",Active,0.39278243919032396
910,20,"['Drama', 'Horror', 'Sci-Fi']",Active,0.26694671803477765
911,98,"['Drama', 'Horror', 'Sci-Fi']",Active,0.7153575621996988
912,31,"['Drama', 'Horror', 'Action']",Active,0.04283213604841374
913,49,"['Action', 'Comedy', 'Horror']",Active,0.7015188776361511
914,75,"['Horror', 'Action', 'Comedy']",Active,0.11026143222324203
915,1,"['Action', 'Drama', 'Sci-Fi']",Active,0.08249034263379262
916,84,"['Sci-Fi', 'Horror', 'Drama']",Active,0.8459214064931124
917,74,"['Action', 'Comedy', 'Drama']",Active,0.056041473766342276
918,93,"['Drama', 'Sci-Fi', 'Horror']",Active,0.5079377146197228
919,86,"['Comedy', 'Horror', 'Drama']",Active,0.7340955463722241
920,26,"['Horror', 'Drama', 'Comedy']",Active,0.7958278773156062
921,5,"['Horror', 'Drama', 'Comedy']",Churned,0.8968075138478163
922,2,"['Sci-Fi', 'Action', 'Comedy']",Active,0.05589990595003014
923,12,"['Action', 'Comedy', 'Sci-Fi']",Churned,0.6966983763402101
924,71,"['Comedy', 'Horror', 'Action']",Active,0.8191511445319859
925,57,"['Sci-Fi', 'Comedy', 'Action']",Churned,0.8917183998185095
926,97,"['Drama', 'Sci-Fi', 'Action']",Active,0.6709290849087421
927,27,"['Action', 'Drama', 'Comedy']",Active,0.7121871265976059
928,71,"['Sci-Fi', 'Comedy', 'Horror']",Active,0.807799931188604
929,97,"['Sci-Fi', 'Horror', 'Drama']",Churned,0.5638520992670614
930,88,"['Drama', 'Action', 'Horror']",Active,0.7679387919633244
931,53,"['Sci-Fi', 'Drama', 'Comedy']",Active,0.9036919403032428
932,79,"['Horror', 'Sci-Fi', 'Action']",Active,0.7413640904921258
933,77,"['Drama', 'Horror', 'Action']",Active,0.4116090008552282
934,9,"['Horror', 'Drama', 'Action']",Churned,0.844573054293611
935,96,"['Action', 'Drama', 'Sci-Fi']",Active,0.10959619552743183
936,34,"['Sci-Fi', 'Comedy', 'Horror']",Churned,0.09323155788337567
937,10,"['Sci-Fi', 'Horror', 'Action']",Active,0.10067158197654558
938,16,"['Comedy', 'Horror', 'Sci-Fi']",Active,0.8499634002093718
939,96,"['Action', 'Horror', 'Comedy']",Active,0.9221353219437787
940,78,"['Horror', 'Comedy', 'Action']",Active,0.6356851044564417
941,15,"['Sci-Fi', 'Comedy', 'Drama']",Active,0.24945250514153294
942,81,"['Sci-Fi', 'Action', 'Horror']",Active,0.5102043867716697
943,36,"['Drama', 'Horror', 'Action']",Active,0.5288963664533819
944,33,"['Comedy', 'Drama', 'Action']",Churned,0.025743302603466023
945,26,"['Horror', 'Comedy', 'Action']",Active,0.30068195646129614
946,77,"['Drama', 'Sci-Fi', 'Horror']",Active,0.7779160282145428
947,6,"['Drama', 'Comedy', 'Horror']",Active,0.39187126228688507
948,27,"['Drama', 'Comedy', 'Action']",Active,0.7908344973934156
949,93,"['Action', 'Comedy', 'Drama']",Active,0.5158820827120182
950,22,"['Sci-Fi', 'Comedy', 'Horror']",Active,0.23989136577653947
951,22,"['Drama', 'Comedy', 'Sci-Fi']",Churned,0.4137607170637009
952,97,"['Action', 'Sci-Fi', 'Drama']",Churned,0.41197700619943
953,47,"['Drama', 'Sci-Fi', 'Action']",Active,0.41372774149503255
954,23,"['Comedy', 'Action', 'Drama']",Churned,0.46348933938127534
955,98,"['Comedy', 'Drama', 'Horror']",Active,0.8607689017820782
956,79,"['Drama', 'Action', 'Comedy']",Active,0.14934239836022256
957,49,"['Horror', 'Drama', 'Action']",Active,0.9371441687653428
958,72,"['Sci-Fi', 'Action', 'Drama']",Active,0.8780745336823771
959,73,"['Sci-Fi', 'Comedy', 'Horror']",Active,0.6183664293600096
960,62,"['Horror', 'Drama', 'Action']",Churned,0.15638296324533663
961,25,"['Sci-Fi', 'Comedy', 'Action']",Active,0.3020068387450987
962,59,"['Comedy', 'Action', 'Drama']",Active,0.6547895644927911
963,94,"['Drama', 'Action', 'Comedy']",Churned,0.6629721717027718
964,11,"['Comedy', 'Action', 'Drama']",Active,0.8022532455529522
965,46,"['Sci-Fi', 'Comedy', 'Drama']",Active,0.5192850693349723
966,9,"['Horror', 'Sci-Fi', 'Action']",Active,0.7072829338039699
967,45,"['Horror', 'Action', 'Sci-Fi']",Active,0.15050000388242957
968,59,"['Horror', 'Action', 'Drama']",Churned,0.5049157136980919
969,89,"['Sci-Fi', 'Comedy', 'Action']",Churned,0.3376363052721174
970,85,"['Comedy', 'Drama', 'Sci-Fi']",Active,0.1845563946663349
971,10,"['Sci-Fi', 'Drama', 'Comedy']",Active,0.47729869693938587
972,62,"['Drama', 'Horror', 'Comedy']",Active,0.5097190869277386
973,63,"['Drama', 'Comedy', 'Horror']",Active,0.06110152386478762
974,2,"['Sci-Fi', 'Action', 'Horror']",Active,0.12381992143263343
975,52,"['Sci-Fi', 'Comedy', 'Horror']",Active,0.8725498792896033
976,34,"['Comedy', 'Sci-Fi', 'Horror']",Active,0.6325021984328468
977,20,"['Comedy', 'Action', 'Horror']",Active,0.38047192149409104
978,25,"['Horror', 'Drama', 'Sci-Fi']",Active,0.7612008723377626
979,52,"['Comedy', 'Horror', 'Drama']",Active,0.45255417497130934
980,89,"['Drama', 'Horror', 'Comedy']",Active,0.1529108609017189
981,85,"['Horror', 'Drama', 'Comedy']",Active,0.6604264133635497
982,92,"['Horror', 'Action', 'Comedy']",Active,0.8680176810050326
983,36,"['Action', 'Drama', 'Comedy']",Churned,0.506490008410525
984,78,"['Drama', 'Horror', 'Action']",Active,0.5762166268436445
985,25,"['Action', 'Horror', 'Sci-Fi']",Active,0.8501205086565244
986,43,"['Sci-Fi', 'Horror', 'Comedy']",Churned,0.865808538206249
987,52,"['Horror', 'Sci-Fi', 'Drama']",Active,0.9774337005414904
988,73,"['Sci-Fi', 'Comedy', 'Action']",Churned,0.370782970924456
989,50,"['Sci-Fi', 'Drama', 'Horror']",Churned,0.7942380418087698
990,32,"['Action', 'Drama', 'Comedy']",Active,0.30410626895767523
991,44,"['Action', 'Comedy', 'Sci-Fi']",Active,0.3591444146067124
992,23,"['Sci-Fi', 'Comedy', 'Action']",Active,0.051391612639774986
993,3,"['Horror', 'Action', 'Drama']",Churned,0.6680637675314199
994,21,"['Sci-Fi', 'Horror', 'Drama']",Active,0.38190226633509095
995,48,"['Action', 'Horror', 'Drama']",Active,0.47297727576351056
996,14,"['Comedy', 'Drama', 'Sci-Fi']",Churned,0.3734937722486368
997,7,"['Comedy', 'Sci-Fi', 'Drama']",Active,0.41341003303200285
998,89,"['Drama', 'Sci-Fi', 'Horror']",Active,0.667638656213921
999,1,"['Drama', 'Comedy', 'Action']",Active,0.9673870984340476
1000,18,"['Comedy', 'Action', 'Sci-Fi']",Active,0.04723667851251112
